{
  "n_train_samples": 180299,
  "n_val_samples": 24080,
  "n_features": 44,
  "up_best_iter": 4,
  "down_best_iter": 4,
  "up_train_mae": 0.3323490619659424,
  "up_val_mae": 0.34755969047546387,
  "down_train_mae": 0.3323116600513458,
  "down_val_mae": 0.34744614362716675,
  "up_feat_imp": {
    "market_agrees_btc": 0.08849884569644928,
    "btc_vol_60s": 0.043059416115283966,
    "time_since_last_flip": 0.042641859501600266,
    "btc_mom_180s": 0.03314436227083206,
    "btc_vol_30s": 0.031717173755168915,
    "up_ask_ratio_x_chgpct": 0.031636618077754974,
    "leader_flips_60s": 0.029193386435508728,
    "down_bid": 0.02801361121237278,
    "btc_mom_120s": 0.026998983696103096,
    "up_ask_mom_60s": 0.026901444420218468,
    "btc_mom_90s": 0.026842238381505013,
    "leader_flips_30s": 0.0265071839094162,
    "up_mid": 0.02649916335940361,
    "btc_chg_pct": 0.02643260732293129,
    "btc_mom_x_elapsed": 0.025927521288394928,
    "book_imbalance": 0.025798918679356575,
    "btc_chg": 0.024661321192979813,
    "btc_corr_up_ask_60s": 0.024526143446564674,
    "book_imb_x_vol": 0.023871829733252525,
    "btc_vol_15s": 0.023675551638007164,
    "up_ask_pct_of_range_120s": 0.023522650822997093,
    "up_ask": 0.02154199779033661,
    "btc_mom_pct_60s": 0.021220510825514793,
    "up_ask_ratio": 0.020600536838173866,
    "up_ask_vol_30s": 0.020339293405413628,
    "btc_mom_pct_30s": 0.019423184916377068,
    "elapsed_sec": 0.018915466964244843,
    "btc_sharpe_60s": 0.01865134947001934,
    "btc_sharpe_30s": 0.017465924844145775,
    "btc_mom_60s": 0.016145875677466393,
    "up_ask_pct_of_range_60s": 0.01602250710129738,
    "btc_mom_45s": 0.015862619504332542,
    "up_bid": 0.015560084022581577,
    "down_ask": 0.015127341262996197,
    "btc_mom_30s": 0.014521767385303974,
    "up_ask_mom_30s": 0.012238533236086369,
    "btc_mom_15s": 0.01210837159305811,
    "btc_mom_10s": 0.011757869273424149,
    "up_spread": 0.011302943341434002,
    "up_ask_mom_15s": 0.011076672002673149,
    "up_spread_chg_30s": 0.011052391491830349,
    "btc_accel_30s": 0.0091736800968647,
    "btc_mom_3s": 0.0053998129442334175,
    "btc_mom_5s": 0.004420360084623098
  },
  "down_feat_imp": {
    "market_agrees_btc": 0.08257517218589783,
    "btc_vol_60s": 0.04664082080125809,
    "time_since_last_flip": 0.04066329076886177,
    "btc_vol_30s": 0.034374117851257324,
    "btc_mom_180s": 0.03112248331308365,
    "up_ask_ratio_x_chgpct": 0.03079282119870186,
    "leader_flips_60s": 0.02943621203303337,
    "btc_mom_120s": 0.028562266379594803,
    "btc_mom_90s": 0.02843458205461502,
    "up_ask_ratio": 0.0280892513692379,
    "down_bid": 0.028005512431263924,
    "btc_chg_pct": 0.02739810012280941,
    "btc_chg": 0.027277614921331406,
    "btc_corr_up_ask_60s": 0.02694808319211006,
    "up_ask_mom_60s": 0.02679434046149254,
    "btc_mom_pct_60s": 0.025789184495806694,
    "book_imbalance": 0.02542891725897789,
    "leader_flips_30s": 0.025390194728970528,
    "book_imb_x_vol": 0.0253768153488636,
    "btc_vol_15s": 0.024191970005631447,
    "btc_mom_x_elapsed": 0.024109771475195885,
    "up_ask_pct_of_range_120s": 0.02330252155661583,
    "up_ask_vol_30s": 0.02210674248635769,
    "elapsed_sec": 0.02136664278805256,
    "btc_mom_pct_30s": 0.02092539705336094,
    "btc_sharpe_60s": 0.019425613805651665,
    "up_ask": 0.01913466863334179,
    "up_ask_pct_of_range_60s": 0.01889316737651825,
    "down_ask": 0.0187755785882473,
    "btc_mom_45s": 0.01863092929124832,
    "up_mid": 0.018294058740139008,
    "btc_sharpe_30s": 0.01783965528011322,
    "btc_mom_60s": 0.016550209373235703,
    "up_bid": 0.015261797234416008,
    "btc_mom_30s": 0.013624276034533978,
    "up_ask_mom_30s": 0.011060153134167194,
    "btc_mom_10s": 0.010877436958253384,
    "btc_accel_30s": 0.010031289421021938,
    "up_ask_mom_15s": 0.00991754699498415,
    "btc_mom_15s": 0.009409508667886257,
    "up_spread": 0.008582847192883492,
    "btc_mom_3s": 0.004888152703642845,
    "btc_mom_5s": 0.0037002405151724815,
    "up_spread_chg_30s": 0.0
  },