{
  "n_train_samples": 270900,
  "n_val_samples": 30100,
  "class_balance_up_pct": 0.524,
  "inner_train_acc": 0.7564156515319306,
  "inner_val_acc": 0.7342524916943521,
  "best_iteration": 79,
  "brier_raw": 0.16903497278690338,
  "brier_calibrated": 0.16607584059238434,
  "feature_importance": {
    "elapsed_sec": 0.0029705169145017862,
    "up_bid": 0.1623949110507965,
    "up_ask": 0.14746184647083282,
    "up_mid": 0.3815937936306,
    "up_spread": 0.0005232147523202002,
    "down_bid": 0.07327069342136383,
    "down_ask": 0.03174614533782005,
    "book_imbalance": 0.046405255794525146,
    "up_ask_ratio": 0.05911741033196449,
    "btc_chg": 0.0033025078009814024,
    "btc_chg_pct": 0.003456108970567584,
    "btc_mom_3s": 0.000434242159826681,
    "btc_mom_5s": 0.0006843695300631225,
    "btc_mom_10s": 0.0008221619646064937,
    "btc_mom_15s": 0.0010306598851457238,
    "btc_mom_30s": 0.002468701219186187,
    "btc_mom_45s": 0.0020463638938963413,
    "btc_mom_60s": 0.002471588086336851,
    "btc_mom_90s": 0.0036574278492480516,
    "btc_mom_120s": 0.002528942422941327,
    "btc_mom_180s": 0.0033050873316824436,
    "btc_mom_pct_30s": 0.002380193443968892,
    "btc_mom_pct_60s": 0.003145297523587942,
    "up_ask_mom_15s": 0.0006221657968126237,
    "up_ask_mom_30s": 0.0022728557232767344,
    "up_ask_mom_60s": 0.0024627114180475473,
    "btc_vol_15s": 0.002874428406357765,
    "btc_vol_30s": 0.003514919662848115,
    "btc_vol_60s": 0.003484911285340786,
    "up_ask_vol_30s": 0.002500222297385335,
    "btc_sharpe_30s": 0.0012237337650731206,
    "btc_sharpe_60s": 0.0016983193345367908,
    "btc_corr_up_ask_60s": 0.0030694683082401752,
    "up_ask_pct_of_range_60s": 0.0021456892136484385,
    "up_ask_pct_of_range_120s": 0.0034522200003266335,
    "leader_flips_30s": 0.003571384120732546,
    "leader_flips_60s": 0.00326550449244678,
    "market_agrees_btc": 0.006214544177055359,
    "time_since_last_flip": 0.002924226922914386,
    "up_spread_chg_30s": 0.0006006800103932619,
    "btc_accel_30s": 0.0008709740359336138,
    "btc_mom_x_elapsed": 0.0032102272380143404,
    "book_imb_x_vol": 0.00426947558298707,
    "up_ask_ratio_x_chgpct": 0.008533885702490807
  },
  "sample_weighting": "linear_elapsed_0.5_to_1.5",
  "best_hyperparams": {
    "max_depth": 6,
    "learning_rate": 0.05,
    "min_child_weight": 5,
    "subsample": 0.8,
    "colsample_bytree": 0.8,
    "reg_alpha": 0.0,
    "reg_lambda": 1.0,
    "gamma": 0.0
  },
  "n_features": 44
}