{
  "n_train_samples": 215817,
  "n_val_samples": 24080,
  "class_balance_up_pct": 0.5244667503136763,
  "inner_train_acc": 0.7594999467141142,
  "inner_val_acc": 0.7198089700996678,
  "best_iteration": 65,
  "brier_raw": 0.17855504155158997,
  "brier_calibrated": 0.1759873777627945,
  "feature_importance": {
    "elapsed_sec": 0.002918811049312353,
    "up_bid": 0.23356236517429352,
    "up_ask": 0.0845608189702034,
    "up_mid": 0.2789781391620636,
    "up_spread": 0.00011982431169599295,
    "down_bid": 0.07119835913181305,
    "down_ask": 0.0450570210814476,
    "book_imbalance": 0.11175412684679031,
    "up_ask_ratio": 0.04888460040092468,
    "btc_chg": 0.0041966913267970085,
    "btc_chg_pct": 0.004460281226783991,
    "btc_mom_3s": 0.00033509984496049583,
    "btc_mom_5s": 0.0006199544295668602,
    "btc_mom_10s": 0.0011314647272229195,
    "btc_mom_15s": 0.0013106943806633353,
    "btc_mom_30s": 0.0023312377743422985,
    "btc_mom_45s": 0.0029570204205811024,
    "btc_mom_60s": 0.002418436575680971,
    "btc_mom_90s": 0.003416273510083556,
    "btc_mom_120s": 0.0030369553714990616,
    "btc_mom_180s": 0.003761111292988062,
    "btc_mom_pct_30s": 0.003290899796411395,
    "btc_mom_pct_60s": 0.002831114688888192,
    "up_ask_mom_15s": 0.0009455833933316171,
    "up_ask_mom_30s": 0.00256987358443439,
    "up_ask_mom_60s": 0.0022866681683808565,
    "btc_vol_15s": 0.0035734204575419426,
    "btc_vol_30s": 0.00474404776468873,
    "btc_vol_60s": 0.004599881824105978,
    "up_ask_vol_30s": 0.0030530113726854324,
    "btc_sharpe_30s": 0.0017377965850755572,
    "btc_sharpe_60s": 0.0020672662649303675,
    "btc_corr_up_ask_60s": 0.003062281059101224,
    "up_ask_pct_of_range_60s": 0.002488524653017521,
    "up_ask_pct_of_range_120s": 0.005104833748191595,
    "leader_flips_30s": 0.004724279046058655,
    "leader_flips_60s": 0.0029174075461924076,
    "market_agrees_btc": 0.006968814879655838,
    "time_since_last_flip": 0.0034659465309232473,
    "up_spread_chg_30s": 0.0001329686347162351,
    "btc_accel_30s": 0.0010336484992876649,
    "btc_mom_x_elapsed": 0.004374839831143618,
    "book_imb_x_vol": 0.006525497417896986,
    "up_ask_ratio_x_chgpct": 0.020492108538746834
  },
  "sample_weighting": "linear_elapsed_0.5_to_1.5",
  "best_hyperparams": {
    "max_depth": 6,
    "learning_rate": 0.05,
    "min_child_weight": 5,
    "subsample": 0.8,
    "colsample_bytree": 0.8,
    "reg_alpha": 0.0,
    "reg_lambda": 1.0,
    "gamma": 0.0
  },
  "n_features": 44
}