{
  "n_test_windows": 288,
  "ev_threshold_sweep": {
    "0.000": {
      "n_entered": 288,
      "n_total": 288,
      "win_rate": 0.5451388888888888,
      "avg_price": 0.5267013888888888,
      "avg_t": 38.239583333333336,
      "edge": 0.018437499999999996,
      "pnl_per_share_total": 5.3100000000000005,
      "daily_pnl": 53.10000000000001,
      "yearly_pnl": 19381.500000000004
    },
    "0.005": {
      "n_entered": 284,
      "n_total": 288,
      "win_rate": 0.5140845070422535,
      "avg_price": 0.5309154929577465,
      "avg_t": 52.570422535211264,
      "edge": -0.016830985915493035,
      "pnl_per_share_total": -4.779999999999999,
      "daily_pnl": -47.8,
      "yearly_pnl": -17447.0
    },
    "0.010": {
      "n_entered": 260,
      "n_total": 288,
      "win_rate": 0.5807692307692308,
      "avg_price": 0.5430384615384616,
      "avg_t": 91.63461538461539,
      "edge": 0.037730769230769234,
      "pnl_per_share_total": 9.81,
      "daily_pnl": 98.10000000000001,
      "yearly_pnl": 35806.5
    },
    "0.015": {
      "n_entered": 214,
      "n_total": 288,
      "win_rate": 0.5560747663551402,
      "avg_price": 0.5170560747663552,
      "avg_t": 110.59813084112149,
      "edge": 0.039018691588785015,
      "pnl_per_share_total": 8.35,
      "daily_pnl": 83.5,
      "yearly_pnl": 30477.5
    },
    "0.020": {
      "n_entered": 158,
      "n_total": 288,
      "win_rate": 0.5379746835443038,
      "avg_price": 0.4675316455696203,
      "avg_t": 122.38607594936708,
      "edge": 0.07044303797468349,
      "pnl_per_share_total": 11.13,
      "daily_pnl": 111.30000000000003,
      "yearly_pnl": 40624.50000000001
    },
    "0.025": {
      "n_entered": 127,
      "n_total": 288,
      "win_rate": 0.5275590551181102,
      "avg_price": 0.4352755905511811,
      "avg_t": 118.91338582677166,
      "edge": 0.0922834645669291,
      "pnl_per_share_total": 11.72,
      "daily_pnl": 117.2,
      "yearly_pnl": 42778.0
    },
    "0.030": {
      "n_entered": 105,
      "n_total": 288,
      "win_rate": 0.5238095238095238,
      "avg_price": 0.43523809523809526,
      "avg_t": 125.67619047619047,
      "edge": 0.08857142857142858,
      "pnl_per_share_total": 9.3,
      "daily_pnl": 93.0,
      "yearly_pnl": 33945.0
    },
    "0.040": {
      "n_entered": 52,
      "n_total": 288,
      "win_rate": 0.5961538461538461,
      "avg_price": 0.43884615384615383,
      "avg_t": 145.67307692307693,
      "edge": 0.15730769230769232,
      "pnl_per_share_total": 8.18,
      "daily_pnl": 81.8,
      "yearly_pnl": 29857.0
    },
    "0.050": {
      "n_entered": 31,
      "n_total": 288,
      "win_rate": 0.5806451612903226,
      "avg_price": 0.4448387096774194,
      "avg_t": 164.8709677419355,
      "edge": 0.13580645161290322,
      "pnl_per_share_total": 4.210000000000001,
      "daily_pnl": 42.10000000000001,
      "yearly_pnl": 15366.500000000004
    },
    "0.070": {
      "n_entered": 18,
      "n_total": 288,
      "win_rate": 0.6666666666666666,
      "avg_price": 0.45333333333333337,
      "avg_t": 183.66666666666666,
      "edge": 0.21333333333333326,
      "pnl_per_share_total": 3.8400000000000003,
      "daily_pnl": 38.400000000000006,
      "yearly_pnl": 14016.000000000002
    }
  }
}